"company","companyInfo/companyDescription","companyInfo/companyLogo","companyInfo/indeedUrl","companyInfo/rating","companyInfo/reviewCount","companyInfo/url","description","descriptionHTML","externalApplyLink","id","isExpired","jobType/0","jobType/1","jobType/2","location","positionName","postedAt","postingDateParsed","rating","reviewsCount","salary","scrapedAt","searchInput/country","searchInput/location","searchInput/position","url"
"Emissions Reduction Alberta",,,"https://ca.indeed.com/cmp/Emissions-Reduction-Alberta",,,,"About this Opportunity
ERA is seeking a Data Analytics intern to support ERA’s Portfolio Management team. Reporting to ERA’s Director, Portfolio Management, this position will identify and implement innovative solutions to manual processes. This work is integral for operational efficiency of our organization and achieving our mandate to accelerate innovative technologies that reduce GHG emissions in Alberta.
To be effective in this role the candidate must:

 Be resourceful - seek innovative solutions to improve efficiency and reduce errors
 Be curious – seek to understand what the team’s core concerns are
 Be pragmatic – seek fit-for-purpose solutions that can be implemented by others and have the ability to work efficiently and collaboratively and ask questions when needed.
 Be passionate about innovation and emissions reduction technology, and have an interest in directly contributing to the mandate of ERA
 Be highly organized, possessing strong project coordination, time management, technical communication, and analytical skills
 Be able to understand complex technical information and synthesize it in layman’s terms in a variety of formats

About the P
Improve Operational Efficiency:

 Streamline manual processes by identifying automated solutions that improve efficiency and reduce human error
 Identify bottlenecks in project execution process that could be better optimized to support funding recipients

Improve insights from existing projects

 Using data analytics, review milestone and project completion reports to identify key themes or information that can be used to make data driven decisions on future funding opportunities

Qualifications and Skills 

 Be in progress of completing a post-secondary degree
 Must have intermediate knowledge of a coding language (i.e. Python, R). Beginner knowledge will be considered if candidate can demonstrate willingness to learn and being a self-starter
 Must demonstrate ability to set and meet deadlines and takes personal accountability for results, including organizing and prioritizing work
 Understanding of Power BI and/or SharePoint are considered assets
 Must be able to work collaboratively with team, and demonstrate flexibility to adjust to changing priorities based on organizational need

Competencies

 Takes Initiative and is Resourceful in seeking ways to complete work tasks
 Proven analytical, critical thinking, and problem-solving skills.
 Thrives in both well-defined and ambiguous planning and project cycles. Capable of engaging with team members to define outcomes and achieve results.
 Strong organizational and time-management skills, with attention to detail that reflects ability to perform and prioritize multiple tasks, competing agendas and demands.

Compensation and Location
This is a full time role from May to August 2024. The pay range for this position is $19-$23/ hour, dependent on skill set and qualifications.
This role will be located at ERA’s Calgary office. In recognition of flexible needs of team members, ERA has adopted a hybrid work policy with a minimum of three days working in the office.
Equity, Diversity, and Inclusion
In addition to the above skills and experience, Emissions Reduction Alberta is committed to an equitable, diverse, and inclusive workforce and Board. Applications from all qualified persons are welcome and we encourage women; First Nations, Métis and Inuit; members of visible minority groups; persons with
Job Type: Full-time
Salary: $19.00-$23.00 per hour
Flexible Language Requirement:

 French not required

Schedule:

 Monday to Friday

Application question(s):

 Are you in the progress of completing a post-secondary degree?

Ability to Commute:

 5 Avenue, SW (required)

Ability to Relocate:

 5 Avenue, SW: Relocate before starting work (preferred)

Work Location: Hybrid remote in 5 Avenue, SW
Application deadline: 2024-03-15","<p><b>About this Opportunity</b></p>
<p>ERA is seeking a Data Analytics intern to support ERA&#x2019;s Portfolio Management team. Reporting to ERA&#x2019;s Director, Portfolio Management, this position will identify and implement innovative solutions to manual processes. This work is integral for operational efficiency of our organization and achieving our mandate to accelerate innovative technologies that reduce GHG emissions in Alberta.</p>
<p><b>To be effective in this role the candidate must:</b></p>
<ul>
 <li>Be resourceful - seek innovative solutions to improve efficiency and reduce errors</li>
 <li>Be curious &#x2013; seek to understand what the team&#x2019;s core concerns are</li>
 <li>Be pragmatic &#x2013; seek fit-for-purpose solutions that can be implemented by others and have the ability to work efficiently and collaboratively and ask questions when needed.</li>
 <li>Be passionate about innovation and emissions reduction technology, and have an interest in directly contributing to the mandate of ERA</li>
 <li>Be highly organized, possessing strong project coordination, time management, technical communication, and analytical skills</li>
 <li>Be able to understand complex technical information and synthesize it in layman&#x2019;s terms in a variety of formats</li>
</ul>
<p><b>About the P</b></p>
<p>Improve Operational Efficiency:</p>
<ul>
 <li>Streamline manual processes by identifying automated solutions that improve efficiency and reduce human error</li>
 <li>Identify bottlenecks in project execution process that could be better optimized to support funding recipients</li>
</ul>
<p>Improve insights from existing projects</p>
<ul>
 <li>Using data analytics, review milestone and project completion reports to identify key themes or information that can be used to make data driven decisions on future funding opportunities</li>
</ul>
<p><b>Qualifications and Skills </b></p>
<ul>
 <li>Be in progress of completing a post-secondary degree</li>
 <li>Must have intermediate knowledge of a coding language (i.e. Python, R). Beginner knowledge will be considered if candidate can demonstrate willingness to learn and being a self-starter</li>
 <li>Must demonstrate ability to set and meet deadlines and takes personal accountability for results, including organizing and prioritizing work</li>
 <li>Understanding of Power BI and/or SharePoint are considered assets</li>
 <li>Must be able to work collaboratively with team, and demonstrate flexibility to adjust to changing priorities based on organizational need</li>
</ul>
<p><b>Competencies</b></p>
<ul>
 <li>Takes Initiative and is Resourceful in seeking ways to complete work tasks</li>
 <li>Proven analytical, critical thinking, and problem-solving skills.</li>
 <li>Thrives in both well-defined and ambiguous planning and project cycles. Capable of engaging with team members to define outcomes and achieve results.</li>
 <li>Strong organizational and time-management skills, with attention to detail that reflects ability to perform and prioritize multiple tasks, competing agendas and demands.</li>
</ul>
<p><b>Compensation and Location</b></p>
<p>This is a full time role from May to August 2024. The pay range for this position is &#x24;19-&#x24;23/ hour, dependent on skill set and qualifications.</p>
<p>This role will be located at ERA&#x2019;s <b>Calgary</b> office. In recognition of flexible needs of team members, ERA has adopted a hybrid work policy with a minimum of three days working in the office.</p>
<p><b>Equity, Diversity, and Inclusion</b></p>
<p>In addition to the above skills and experience, Emissions Reduction Alberta is committed to an equitable, diverse, and inclusive workforce and Board. Applications from all qualified persons are welcome and we encourage women; First Nations, M&#xe9;tis and Inuit; members of visible minority groups; persons with</p>
<p>Job Type: Full-time</p>
<p>Salary: &#x24;19.00-&#x24;23.00 per hour</p>
<p>Flexible Language Requirement:</p>
<ul>
 <li>French not required</li>
</ul>
<p>Schedule:</p>
<ul>
 <li>Monday to Friday</li>
</ul>
<p>Application question(s):</p>
<ul>
 <li>Are you in the progress of completing a post-secondary degree?</li>
</ul>
<p>Ability to Commute:</p>
<ul>
 <li>5 Avenue, SW (required)</li>
</ul>
<p>Ability to Relocate:</p>
<ul>
 <li>5 Avenue, SW: Relocate before starting work (preferred)</li>
</ul>
<p>Work Location: Hybrid remote in 5 Avenue, SW</p>
<p>Application deadline: 2024-03-15</p>",,"b334e6c31b910849","false","Full-time",,,"Canada","Data Analytics Intern",,"2024-02-22T21:42:11.207Z",,,"$19–$23 an hour","2024-03-01T21:42:12.028Z","CA","Victoria BC","Internship","https://www.indeed.ca/pagead/clk?mo=r&ad=-6NYlbfkN0DxMf0ekCcmvDBpmsGPfFl2UbngoBsHc9uinjs4NPex8ulVHSIhomaWLncnmUs35ly5Me2YoG14AThqdtdkqb8-edQFRVq8cdmUdAsQc5UgRjlLvxiMa-ZDc6LPTJXXeBohIymEgE0KXzDwzUdrdI3nt9y-zttEqAUDyHyxnHJjcF9GfOebeA6KFUzVX-xmiUphtGWZ0P1mBx7Bxm_OoXI_nKY1t2r2BFEVZHbJsqbDu4nrIjcbNGSEZ53EvLun8z_GIznkej2qdAYzhjGQ6KAm8jg3Ehuo8orXbKcTMF9nguGTwoDW7Qbyp4W6_bhfZ0tq8hFFq4--GtebSTd5Yl37cOK8_nb5DH9vUGVsBgYzVwkqsAgvLR6LgEJ4Tlrtv-DK2klqIr3Lbeoxas-tVRnoF1QmjLNEoDnSSyfJhH17elsAC47a0vuZET7ti3JVNljxyP9UhnZ6z3wwSzG0lRZF-UxsaMw29zpvlZnvVxbIr9tVCRrfPNMAFajl_-_ICXE2ot_hqw3eoDodac0FCNGUuZ2F_sRooYq1mWUVzZFxN8pAOddit2RBVCkK4L_Ca3JB-5c7ERkn7pcA1x3p2WXfZQPgDr9e2m6qjlJ7bsc9EOwuzqsvnURN&xkcb=SoCj6_M3E92zRGRTip0CbzkdCdPP&camk=4HOcmqOLYrBXAvcc3VWVOw%3D%3D&p=7&fvj=1&vjs=3&jsa=2891&tk=1hntvf4rrk7rs80e&from=jasx&wvign=1"
"Grandmas Apothec",,,"https://ca.indeed.com/cmp/Grandmas-Apothec",,,,"Are Sustainability and Community essential topics for you?
Then this is for you!
Internship Part Time - 7-12 Hours/ All Saturdays and ocasionaly other Weekday.
Venture For Canada partially funds this position.
Eligible Criteria - PLS CONFIRM in the email

 Canadian citizenship, permanent residency, or refugee status.
 Enrolled full or part-time in a Canadian college or university.
 The funding does NOT accept postgraduate and international students.

I seek a student to bring new ideas and sparkles to my business! Grandma's Apothec creates Artisanal - Ethical - Natural personal care products. I am a local woman entrepreneur and artisan.
You will support me by selling the products to the local markets, preparing orders, and performing other operational tasks.
What will you be doing?

 Responsible for the Saturday Market and occasionally ( once per month ) another day during the week.
 Educating and selling to actual and potential customers at the market.
 Helping with the labelling and packaging of the products.
 Logistic and operational of basic tasks during and after the market. ex working with Square etc
 Supporting the owner with other operational tasks as required.

What makes you a top candidate?

 Available Saturdays and, occasionally, another day during the week.
 Basic sales skills.
 Interest in craft products.
 Priority students with a car or small transport like a cargo bike ( parking covered ).
 Interest in a zero waste lifestyle and passion for green cosmetics would be an asset.

Duration:
April to October 2023 (start and end date negotiable). Possibility for an extension until December 2023.
Contract base salary:

 $20 per hour
 Free of all range of Grandma's Apothec products
 The possibility of learning DIY Eco Personal Care Products.

We support and encourage:

 Indigenous People students
 People with disabilities students
 Newcomers students
 First-year students students
 Visible minority students

www.grandmasapothec.com
Instagram
Job Types: Part-time, Casual, SeasonalContract length: 4-6 months
Salary: $20.00 per hour
Expected hours: 7 – 12 per week
Schedule:

 Every Weekend

Application question(s):

 Venture For Canada partially funds this position.

Eligible Criteria - Pls confirm- Canadian citizenship, permanent residency, or refugee status.- Enrolled full or part-time in a Canadian college or university.- The funding does NOT accept postgraduate and international students.- Having a car.
Work Location: In person
Application deadline: 2023-04-15Expected start date: 2024-04-20","<p><b>Are Sustainability and Community </b>essential topics <b>for you?</b></p>
<p><b>Then this is for you!</b></p>
<p><b>Internship Part Time - 7-12 Hours/ All Saturdays and ocasionaly other Weekday.</b></p>
<p><b>Venture For Canada partially funds this position.</b></p>
<p><b>Eligible Criteria - PLS CONFIRM in the email</b></p>
<ul>
 <li>Canadian citizenship, permanent residency, or refugee status.</li>
 <li>Enrolled full or part-time in a Canadian college or university.</li>
 <li>The funding does NOT accept postgraduate and international students.</li>
</ul>
<p>I seek a student to bring new ideas and sparkles to my business! Grandma&apos;s Apothec creates Artisanal - Ethical - Natural personal care products. I am a local woman entrepreneur and artisan.</p>
<p>You will support me by selling the products to the local markets, preparing orders, and performing other operational tasks.</p>
<p><b>What will you be doing?</b></p>
<ul>
 <li>Responsible for the Saturday Market and occasionally ( once per month ) another day during the week.</li>
 <li>Educating and selling to actual and potential customers at the market.</li>
 <li>Helping with the labelling and packaging of the products.</li>
 <li>Logistic and operational of basic tasks during and after the market. ex working with Square etc</li>
 <li>Supporting the owner with other operational tasks as required.</li>
</ul>
<p><b>What makes you a top candidate?</b></p>
<ul>
 <li>Available Saturdays and, occasionally, another day during the week.</li>
 <li>Basic sales skills.</li>
 <li>Interest in craft products.</li>
 <li>Priority students with a car or small transport like a cargo bike ( parking covered ).</li>
 <li>Interest in a zero waste lifestyle and passion for green cosmetics would be an asset.</li>
</ul>
<p><b>Duration:</b></p>
<p>April to October 2023 (start and end date negotiable). Possibility for an extension until December 2023.</p>
<p><b>Contract base salary:</b></p>
<ul>
 <li>&#x24;20 per hour</li>
 <li>Free of all range of Grandma&apos;s Apothec products</li>
 <li>The possibility of learning DIY Eco Personal Care Products.</li>
</ul>
<p><b>We support and encourage:</b></p>
<ul>
 <li>Indigenous People students</li>
 <li>People with disabilities students</li>
 <li>Newcomers students</li>
 <li>First-year students students</li>
 <li>Visible minority students</li>
</ul>
<p>www.grandmasapothec.com</p>
<p>Instagram</p>
<p>Job Types: Part-time, Casual, Seasonal<br>Contract length: 4-6 months</p>
<p>Salary: &#x24;20.00 per hour</p>
<p>Expected hours: 7 &#x2013; 12 per week</p>
<p>Schedule:</p>
<ul>
 <li>Every Weekend</li>
</ul>
<p>Application question(s):</p>
<ul>
 <li>Venture For Canada partially funds this position.</li>
</ul>
<p>Eligible Criteria - Pls confirm<br>- Canadian citizenship, permanent residency, or refugee status.<br>- Enrolled full or part-time in a Canadian college or university.<br>- The funding does NOT accept postgraduate and international students.<br>- Having a car.</p>
<p>Work Location: In person</p>
<p>Application deadline: 2023-04-15<br>Expected start date: 2024-04-20</p>",,"5fcfa35b7d2e08ae","false","Part-time","Seasonal","Casual","1330 Fairfield Road, Victoria, BC","Student Internship - Market Coordinator",,"2024-02-19T21:42:19.816Z",,,"$20 an hour","2024-03-01T21:42:19.895Z","CA","Victoria BC","Internship","https://www.indeed.ca/rc/clk?jk=5fcfa35b7d2e08ae&from=jasx&tk=1hntvf4rrk7rs80e&bb=x_ZdMe9IN1dlbjgr43Q3t59DF45-pZ-1LUv279ZrVPQlJ8_wq9Pffdgn5GmNlUO8LG8mkecYcH7yax9L2bOWIWyf9Cc0xsb53jEy8kB6kK0soWqz5tjImg%3D%3D&xkcb=SoDj67M3E92zRGRTip0DbzkdCdPP&vjs=3"
"Coastal Research, Education, and Advocacy Network (CREAN)","Coastal Research, Education, and Advocacy Network empowers vulnerable youth through research, education, and advocacy. Our community-based research informs our services, with the intention of deepening connections and improving the lives of youth, families, and their communities. We work closely with residents and community leaders to advocate, both locally and nationally, on behalf of youth to make our city a better place to live.
",,"https://ca.indeed.com/cmp/Coastal-Research,-Education,-and-Advocacy-Network-(crean)",,,,"Location: 767 Humboldt St, Victoria BC
Organization Description
Sanctuary Youth Centre provides a safe and supportive environment for Victoria’s street entrenched or at risk youth. Operating five days a week, our drop-in program gives youth access to showers, meals, groceries, mentorship and activities. Each month over 170 individual youth (between the ages of 14 and 22) access Sanctuary’s space.
Volunteer Duties
● Connecting with youth during drop-in times, whether over food, games or conversations
● Assist with meal preparation, serving, and clean-up
● Sort and put away donated items.
● Sorting donated items.
● Light housekeeping duties at the end of the shift.
● Administration work, website upkeep.
Must be at least 19 years old to volunteer 
Job Types: Part-time, Internship / Co-opContract length: 4 months
Expected hours: 10 per week
Benefits:

 Flexible schedule
 Work from home

Flexible Language Requirement:

 French not required

Schedule:

 Monday to Friday
 No weekends

Application question(s):

 Do you currently live in BC?
 Please confirm that you understand that this is an unpaid volunteer position.
 Are you at least 19 years old?

Work Location: Hybrid remote in Victoria, BC
Application deadline: 2024-01-22","<p><b>Location</b>: 767 Humboldt St, Victoria BC</p>
<p><b>Organization Description</b></p>
<p>Sanctuary Youth Centre provides a safe and supportive environment for Victoria&#x2019;s street entrenched or at risk youth. Operating five days a week, our drop-in program gives youth access to showers, meals, groceries, mentorship and activities. Each month over 170 individual youth (between the ages of 14 and 22) access Sanctuary&#x2019;s space.</p>
<p><b>Volunteer Duties</b></p>
<p>&#x25cf; Connecting with youth during drop-in times, whether over food, games or conversations</p>
<p>&#x25cf; Assist with meal preparation, serving, and clean-up</p>
<p>&#x25cf; Sort and put away donated items.</p>
<p>&#x25cf; Sorting donated items.</p>
<p>&#x25cf; Light housekeeping duties at the end of the shift.</p>
<p>&#x25cf; Administration work, website upkeep.</p>
<p><b>Must be at least 19 years old to volunteer </b></p>
<p>Job Types: Part-time, Internship / Co-op<br>Contract length: 4 months</p>
<p>Expected hours: 10 per week</p>
<p>Benefits:</p>
<ul>
 <li>Flexible schedule</li>
 <li>Work from home</li>
</ul>
<p>Flexible Language Requirement:</p>
<ul>
 <li>French not required</li>
</ul>
<p>Schedule:</p>
<ul>
 <li>Monday to Friday</li>
 <li>No weekends</li>
</ul>
<p>Application question(s):</p>
<ul>
 <li>Do you currently live in BC?</li>
 <li>Please confirm that you understand that this is an unpaid volunteer position.</li>
 <li>Are you at least 19 years old?</li>
</ul>
<p>Work Location: Hybrid remote in Victoria, BC</p>
<p>Application deadline: 2024-01-22</p>",,"8b28519a65a0145e","false","Part-time","Internship / Co-op",,"2722 Fifth Street, Victoria, BC","Volunteer at a Non-Profit for Youth who are Unhoused",,"2024-02-21T21:42:23.119Z",,,,"2024-03-01T21:42:23.126Z","CA","Victoria BC","Internship","https://www.indeed.ca/rc/clk?jk=8b28519a65a0145e&from=jasx&tk=1hntvf4rrk7rs80e&bb=x_ZdMe9IN1dlbjgr43Q3t3B2JDtBEOlYrHctRLaNI18TjE-wxeqDGCZckZLaXFQemCSEZvijSpgkfZsXE9mHumUGVj2V6DNHu86N1w8L4QiyatkvU9Cv0A%3D%3D&xkcb=SoBt67M3E92zRGRTip0EbzkdCdPP&vjs=3"
"True Training",,,"https://ca.indeed.com/cmp/True-Training-1",,,,"We are currently seeking an experienced Administrative Assistant to join our growing team in Victoria. This role is critical for supporting our administrative and operational tasks, ensuring smooth day-to-day operations. The ideal candidate will be a detail-oriented, reliable, and adaptable individual.
You are very efficient at responding to emails in a professional, yet personal manner. You must be organized, properly categorizing emails from Outlook into their different folders, requesting info from internal team members for emails, creating organzied workflows, improving administrative efficiency, and ensuring that our communications internally and externally are effective and professional. You are driven by the goals of increasing the company's reputation, expanding its client base, and ensuring operational excellence.
Primary Duties

 Be fast to correspond with government clients via MS Outlook.
 Manage team meetings to ensure they are efficient and organized, by preparing agendas and recording notes.
 Acknowledge receipt of emails from students who are late/absent from classes and notifying the respective teacher on MS Teams.
 Request necessary info from internal team members in order to respond to specific emails.
 Send quotes/invoices to customers, including pertinent details.
 Follow up with customers about invoices or quotes.
 Communicate with subcontracting admin team to ensure they are doing their duties properly outside of EST hours.
 Take notes during team meetings about important updates, due dates, or goals.
 Organize meeting notes digitally in an organized manner for all teammates to review.
 Follow up with team members about pending due dates or updates on tasks.
 Answer 1-5 phone calls per day.
 Setup automatic rules in Outlook/MS Teams, where emails or messages are rerouted in an efficient, scaleable, streamlined manner.
 Manage class schedules of +1000 students and +30 teachers by enrolling/shifting students into classes
 Communicate with teachers about availabilities and student details.
 Pay subcontractors via Quickbooks and banking tools.
 Create quotes and invoicing customers from Quickbooks.
 Clean and improve the office, ensuring the environment is optimized for a productive atmosphere.
 Print important documents, filing them for proper safekeeping, while being easy to review during team meetings.
 Print and display accomplishments of team members and teachers.
 Assist in grant applications and wage subsidies.
 Organize up-to-date database of vendors.
 Track procurement cycles, noting when reports or bids are due.
 Assist in hiring new employees and contracting new teachers.
 Facilitate onboarding for new hires.
 Develop a checklist of new hires with timelines of different touch points.
 Be fast to communicate with subcontractors, students, and teachers via MS Teams.

Estimated time distribution:
~80% Microsoft Outlook emails + Microsoft Teams chats.
~10% creation and organization of digital files.
~5% office management and meetings.
~5% other.
Preferred Qualifications and Experience:

 Experience Level: 4+ years of experience in administrative duties
 Demonstrated ability to multitask.
 Proficient with email communication.
 Proficient with organization of digital files.
 Preference for those with experience in academic administration.
 Preference for those with interest incorporating AI into processes.

The company is B2G (business to government), providing a variety of services and goods to the governments in Canada (municipal, provincial, and federal).
The core business (TalosTech.ca) focuses on government procurement and sales, extending it's reach into different industries per it's government contracts, including clean tech (TrueEVCharging.com), education (TrueTraining.ca), and more. You must enjoy fast-paced environments and thrive in a team of 4-6 people, aiming to be an integral part of an ambitious team. We are all busy during the days, so training will be limited.
Job Types: Full-time, Part-time, Internship / Co-op
Salary: $16.75-$23.45 per hour
Expected hours: 20 – 40 per week
Benefits:

 Dental care
 Paid time off
 Vision care

Schedule:

 Monday to Friday

Application question(s):

 What language(s) do you speak? Please explain levels.
 What are 1-2 relevant skills that you will bring to this position?
 Small businesses often require employees to wear multiple hats. Can you give an example of how you've adapted to changing roles or responsibilities in a small business or startup environment?
 What are 1-2 additional tasks you think should be added for our admin role (consider our size and type of business)?
 What is your preferred $ hourly rate or range?
 (optional) Additional information.

Ability to Relocate:

 Victoria, BC V8T 4M1: Relocate before starting work (required)

Work Location: In person","<p>We are currently seeking an experienced Administrative Assistant to join our growing team in Victoria. This role is critical for supporting our administrative and operational tasks, ensuring smooth day-to-day operations. The ideal candidate will be a detail-oriented, reliable, and adaptable individual.</p>
<p>You are very efficient at responding to emails in a professional, yet personal manner. You must be organized, properly categorizing emails from Outlook into their different folders, requesting info from internal team members for emails, creating organzied workflows, improving administrative efficiency, and ensuring that our communications internally and externally are effective and professional. You are driven by the goals of increasing the company&apos;s reputation, expanding its client base, and ensuring operational excellence.</p>
<p><b>Primary Duties</b></p>
<ul>
 <li>Be fast to correspond with government clients via MS Outlook.</li>
 <li>Manage team meetings to ensure they are efficient and organized, by preparing agendas and recording notes.</li>
 <li>Acknowledge receipt of emails from students who are late/absent from classes and notifying the respective teacher on MS Teams.</li>
 <li>Request necessary info from internal team members in order to respond to specific emails.</li>
 <li>Send quotes/invoices to customers, including pertinent details.</li>
 <li>Follow up with customers about invoices or quotes.</li>
 <li>Communicate with subcontracting admin team to ensure they are doing their duties properly outside of EST hours.</li>
 <li>Take notes during team meetings about important updates, due dates, or goals.</li>
 <li>Organize meeting notes digitally in an organized manner for all teammates to review.</li>
 <li>Follow up with team members about pending due dates or updates on tasks.</li>
 <li>Answer 1-5 phone calls per day.</li>
 <li>Setup automatic rules in Outlook/MS Teams, where emails or messages are rerouted in an efficient, scaleable, streamlined manner.</li>
 <li>Manage class schedules of +1000 students and +30 teachers by enrolling/shifting students into classes</li>
 <li>Communicate with teachers about availabilities and student details.</li>
 <li>Pay subcontractors via Quickbooks and banking tools.</li>
 <li>Create quotes and invoicing customers from Quickbooks.</li>
 <li>Clean and improve the office, ensuring the environment is optimized for a productive atmosphere.</li>
 <li>Print important documents, filing them for proper safekeeping, while being easy to review during team meetings.</li>
 <li>Print and display accomplishments of team members and teachers.</li>
 <li>Assist in grant applications and wage subsidies.</li>
 <li>Organize up-to-date database of vendors.</li>
 <li>Track procurement cycles, noting when reports or bids are due.</li>
 <li>Assist in hiring new employees and contracting new teachers.</li>
 <li>Facilitate onboarding for new hires.</li>
 <li>Develop a checklist of new hires with timelines of different touch points.</li>
 <li>Be fast to communicate with subcontractors, students, and teachers via MS Teams.</li>
</ul>
<p>Estimated time distribution:</p>
<p>~80% Microsoft Outlook emails + Microsoft Teams chats.</p>
<p>~10% creation and organization of digital files.</p>
<p>~5% office management and meetings.</p>
<p>~5% other.</p>
<p><b>Preferred Qualifications and Experience:</b></p>
<ul>
 <li>Experience Level: 4+ years of experience in administrative duties</li>
 <li>Demonstrated ability to multitask.</li>
 <li>Proficient with email communication.</li>
 <li>Proficient with organization of digital files.</li>
 <li>Preference for those with experience in academic administration.</li>
 <li>Preference for those with interest incorporating AI into processes.</li>
</ul>
<p>The company is B2G (business to government), providing a variety of services and goods to the governments in Canada (municipal, provincial, and federal).</p>
<p>The core business (TalosTech.ca) focuses on government procurement and sales, extending it&apos;s reach into different industries per it&apos;s government contracts, including clean tech (TrueEVCharging.com), education (TrueTraining.ca), and more. You must enjoy fast-paced environments and thrive in a team of 4-6 people, aiming to be an integral part of an ambitious team. We are all busy during the days, so training will be limited.</p>
<p>Job Types: Full-time, Part-time, Internship / Co-op</p>
<p>Salary: &#x24;16.75-&#x24;23.45 per hour</p>
<p>Expected hours: 20 &#x2013; 40 per week</p>
<p>Benefits:</p>
<ul>
 <li>Dental care</li>
 <li>Paid time off</li>
 <li>Vision care</li>
</ul>
<p>Schedule:</p>
<ul>
 <li>Monday to Friday</li>
</ul>
<p>Application question(s):</p>
<ul>
 <li>What language(s) do you speak? Please explain levels.</li>
 <li>What are 1-2 relevant skills that you will bring to this position?</li>
 <li>Small businesses often require employees to wear multiple hats. Can you give an example of how you&apos;ve adapted to changing roles or responsibilities in a small business or startup environment?</li>
 <li>What are 1-2 additional tasks you think should be added for our admin role (consider our size and type of business)?</li>
 <li>What is your preferred &#x24; hourly rate or range?</li>
 <li>(optional) Additional information.</li>
</ul>
<p>Ability to Relocate:</p>
<ul>
 <li>Victoria, BC V8T 4M1: Relocate before starting work (required)</li>
</ul>
<p>Work Location: In person</p>",,"668542d0898fba02","false","Part-time","Full-time","Internship / Co-op","2610 Douglas St, Victoria, BC","Receptionist/Administrative Assistant",,"2024-02-21T21:42:20.218Z",,,"$16.75–$23.45 an hour","2024-03-01T21:42:20.232Z","CA","Victoria BC","Internship","https://www.indeed.ca/rc/clk?jk=668542d0898fba02&from=jasx&tk=1hntvf4rrk7rs80e&bb=x_ZdMe9IN1dlbjgr43Q3tw4ZhzPzguWJrlNzcxtUfAstvDFK8wUXDpbKR9N-Ua33zatAszZ8zHu6hs3eCvP1hLJWn-f7hmlj5wxyRX9eGJam6LXD2rqY-g%3D%3D&xkcb=SoBK67M3E92zRGRTip0bbzkdCdPP&vjs=3"
"Scotiabank","Scotiabank is a leading bank in the Americas. Guided by our purpose: “for every future,” we help our customers, their families and their communities achieve success through a broad range of advice, products and services, including personal and commercial banking, wealth management and private banking, corporate and investment banking, and capital markets. With a team of approximately 100,000 employees and assets of approximately $1.2 trillion (as at January 31, 2020), Scotiabank trades on the Toronto Stock Exchange (TSX: BNS) and New York Stock Exchange (NYSE: BNS).","https://d2q79iu7y748jz.cloudfront.net/s/_squarelogo/128x128/7abd2058d294313ed679898b693fa735","https://ca.indeed.com/cmp/Scotiabank","3.9","5734","http://www.scotiabank.com","Requisition ID: 193786  As a cornerstone business within Scotia Wealth Management®, ScotiaMcLeod has earned a reputation for integrity based on service excellence and trusted investment advice. Our advisors and teams pride themselves on exploring innovative approaches to protecting and growing their clients' assets.  When you join ScotiaMcLeod, you’ll be empowered to deliver Enriched Thinking®, a unique approach that incorporates your client’s thinking, as well as our thinking, to drive results. You’ll work with a team of specialists to deliver a client-centric approach to wealth management, enabling you to consider all the facets of your client’s life, family and business. With a focus on total wealth planning, and wealth specialists to help you deliver on this unique value proposition, you’ll be enabling clients to see not just the big picture, but all the little ones too.
 
  ScotiaMcLeod – Wealth Management Internship/Co-Op – Summer 2024
 
  There's no better way to kickstart your career than to do a co-op or internship with ScotiaMcLeod!
  As a cornerstone business with Scotia Wealth Management®, ScotiaMcLeod is a full-service wealth management firm which has earned a reputation for integrity based on service excellence and trusted investment advice. Our advisory teams pride themselves on working closely with clients, exploring innovative approaches to protecting and growing their clients' assets and achieve their financial goals.
  The ScotiaMcLeod Internship is designed to provide co-op undergraduates with exposure to various elements of the full-service wealth management business. Interns play an integral role in the team, working directly with an Advisor(s) and team members supporting business development activities, day-to-day administration and other special projects and initiatives as assigned. The successful candidate will develop a good understanding of the advisory industry as well as a broader view of Scotia Wealth Management.
 
  Is this role right for you? In this role, you will:
 
   Provide support at a high level to Advisor team(s) by:
   
     Processing client requests and opening new accounts in a timely and efficient manner
     Accurately and efficiently maintaining and documenting all required client files and information and required follow-up, escalating as necessary
     Liaising with various areas as required to remediate client issues
     Assisting with various presentations, communication materials, and client events as required
   
   Support to develop and strengthen prospecting relationships by:
   
     Creating, building, and maintaining prospect database and profiles
     Identifying new prospective relationships via client/partner referrals or lead lists
     Preparing or supporting in the preparation of marketing / presentation materials
   
   Contribute to the effective functioning of the Advisor, Branch and Regional teams by:
   
     Maintaining a high level of customer service
     Acquiring a detailed knowledge and understanding of policies, processes, products & services
     Participating in the generation of new ideas and approaches
     Supporting special projects or initiatives as assigned
   
   Participate in monthly sessions to learn and network across Scotia Wealth Management business lines
   
     Work collaboratively with business partners to move assigned deliverables forward
     Work on different initiatives and projects of the business as assigned
   
 
 
  Do you have the skills and requirements that will enable you to succeed in this role? – We’d love to work with you if:
 
   You are currently enrolled in post-secondary education.
   You love to learn and envision yourself working for an international organization that heavily invests in your future.
   You have strong attention to detail and the ability to recognize risk.
   You have strong communication / interpersonal skills.
   You can adapt to a changing environment and duties, dependent on current situations and directives from management.
   You enjoy working in a fast-paced, dynamic environment where idea generation is valued at all levels of the organization.
   You have excellent time management skills with the ability to prioritize workloads to adhere to established service standards.
   You have experience in MS Word, MS Excel, MS Access, and MS PowerPoint.
 
 
  What's in it for you?
 
   Gain direct hands-on experience in the fast paced and exciting full-service wealth-management business.
   You’ll be part of a diverse, collaborative, innovative, and high-performing team.
   You will have the opportunity to network and relationship build
   Exclusive Wealth sessions to learn about the business
   Bank-wide orientation to learn more about Scotiabank and gain exposure to senior leadership across the organization.
   You’ll have the opportunity to learn about multiple teams across Scotia Wealth Management
 
 
  How do I apply?
  Please complete all three steps below: 1. Complete your PLUM Profile here and save as a screenshot. 2. Complete a short one-way video interview here. 3. Apply to the role and when the application asks for your resume, instead upload the screenshot of your PLUM Profile.
 
  Location(s): Canada : British Columbia : Victoria  Scotiabank is a leading bank in the Americas. Guided by our purpose: ""for every future"", we help our customers, their families and their communities achieve success through a broad range of advice, products and services, including personal and commercial banking, wealth management and private banking, corporate and investment banking, and capital markets.
  At Scotiabank, we value the unique skills and experiences each individual brings to the Bank, and are committed to creating and maintaining an inclusive and accessible environment for everyone. If you require accommodation (including, but not limited to, an accessible interview site, alternate format documents, ASL Interpreter, or Assistive Technology) during the recruitment and selection process, please let our Recruitment team know. Candidates must apply directly online to be considered for this role. We thank all applicants for their interest in a career at Scotiabank; however, only those candidates who are selected for an interview will be contacted.","<p></p>
<div>
 <p>Requisition ID: 193786<br> <br> As a cornerstone business within Scotia Wealth Management&#xae;, ScotiaMcLeod has earned a reputation for integrity based on service excellence and trusted investment advice. Our advisors and teams pride themselves on exploring innovative approaches to protecting and growing their clients&apos; assets.<br> <br> When you join ScotiaMcLeod, you&#x2019;ll be empowered to deliver Enriched Thinking&#xae;, a unique approach that incorporates your client&#x2019;s thinking, as well as our thinking, to drive results. You&#x2019;ll work with a team of specialists to deliver a client-centric approach to wealth management, enabling you to consider all the facets of your client&#x2019;s life, family and business. With a focus on total wealth planning, and wealth specialists to help you deliver on this unique value proposition, you&#x2019;ll be enabling clients to see not just the big picture, but all the little ones too.</p>
 <p></p>
 <h1 class=""jobSectionHeader""><b><br> ScotiaMcLeod &#x2013; Wealth Management Internship/Co-Op &#x2013; Summer 2024</b></h1>
 <p></p>
 <p><br> There&apos;s no better way to kickstart your career than to do a co-op or internship with ScotiaMcLeod!</p>
 <p><br> As a cornerstone business with Scotia Wealth Management&#xae;, ScotiaMcLeod is a full-service wealth management firm which has earned a reputation for integrity based on service excellence and trusted investment advice. Our advisory teams pride themselves on working closely with clients, exploring innovative approaches to protecting and growing their clients&apos; assets and achieve their financial goals.</p>
 <p><br> The <b>ScotiaMcLeod Internship</b> is designed to provide co-op undergraduates with exposure to various elements of the full-service wealth management business. Interns play an integral role in the team, working directly with an Advisor(s) and team members supporting business development activities, day-to-day administration and other special projects and initiatives as assigned. The successful candidate will develop a good understanding of the advisory industry as well as a broader view of Scotia Wealth Management.</p>
 <p></p>
 <p><b><br> Is this role right for you? In this role, you will:</b></p>
 <ul>
  <li> Provide support at a high level to Advisor team(s) by:
   <ul>
    <li> Processing client requests and opening new accounts in a timely and efficient manner</li>
    <li> Accurately and efficiently maintaining and documenting all required client files and information and required follow-up, escalating as necessary</li>
    <li> Liaising with various areas as required to remediate client issues</li>
    <li> Assisting with various presentations, communication materials, and client events as required</li>
   </ul></li>
  <li> Support to develop and strengthen prospecting relationships by:
   <ul>
    <li> Creating, building, and maintaining prospect database and profiles</li>
    <li> Identifying new prospective relationships via client/partner referrals or lead lists</li>
    <li> Preparing or supporting in the preparation of marketing / presentation materials</li>
   </ul></li>
  <li> Contribute to the effective functioning of the Advisor, Branch and Regional teams by:
   <ul>
    <li> Maintaining a high level of customer service</li>
    <li> Acquiring a detailed knowledge and understanding of policies, processes, products &amp; services</li>
    <li> Participating in the generation of new ideas and approaches</li>
    <li> Supporting special projects or initiatives as assigned</li>
   </ul></li>
  <li> Participate in monthly sessions to learn and network across Scotia Wealth Management business lines
   <ul>
    <li> Work collaboratively with business partners to move assigned deliverables forward</li>
    <li> Work on different initiatives and projects of the business as assigned</li>
   </ul></li>
 </ul>
 <p></p>
 <p><b><br> Do you have the skills and requirements that will enable you to succeed in this role? &#x2013; We&#x2019;d love to work with you if:</b></p>
 <ul>
  <li> You are currently enrolled in post-secondary education.</li>
  <li> You love to learn and envision yourself working for an international organization that heavily invests in your future.</li>
  <li> You have strong attention to detail and the ability to recognize risk.</li>
  <li> You have strong communication / interpersonal skills.</li>
  <li> You can adapt to a changing environment and duties, dependent on current situations and directives from management.</li>
  <li> You enjoy working in a fast-paced, dynamic environment where idea generation is valued at all levels of the organization.</li>
  <li> You have excellent time management skills with the ability to prioritize workloads to adhere to established service standards.</li>
  <li> You have experience in MS Word, MS Excel, MS Access, and MS PowerPoint.</li>
 </ul>
 <p></p>
 <p><b><br> What&apos;s in it for you?</b></p>
 <ul>
  <li> Gain direct hands-on experience in the fast paced and exciting full-service wealth-management business.</li>
  <li> You&#x2019;ll be part of a diverse, collaborative, innovative, and high-performing team.</li>
  <li> You will have the opportunity to network and relationship build</li>
  <li> Exclusive Wealth sessions to learn about the business</li>
  <li> Bank-wide orientation to learn more about Scotiabank and gain exposure to senior leadership across the organization.</li>
  <li> You&#x2019;ll have the opportunity to learn about multiple teams across Scotia Wealth Management</li>
 </ul>
 <p></p>
 <p><b><br> How do I apply?</b></p>
 <p> Please complete all three steps below:<br> 1. Complete your PLUM Profile here and save as a screenshot.<br> 2. Complete a short one-way video interview here.<br> 3. Apply to the role and when the application asks for your resume, instead upload the screenshot of your PLUM Profile.</p>
 <p></p>
 <p><br> Location(s): Canada : British Columbia : Victoria<br> <br> Scotiabank is a leading bank in the Americas. Guided by our purpose: &quot;for every future&quot;, we help our customers, their families and their communities achieve success through a broad range of advice, products and services, including personal and commercial banking, wealth management and private banking, corporate and investment banking, and capital markets.</p>
 <p> At Scotiabank, we value the unique skills and experiences each individual brings to the Bank, and are committed to creating and maintaining an inclusive and accessible environment for everyone. If you require accommodation (including, but not limited to, an accessible interview site, alternate format documents, ASL Interpreter, or Assistive Technology) during the recruitment and selection process, please let our Recruitment team know. Candidates must apply directly online to be considered for this role. We thank all applicants for their interest in a career at Scotiabank; however, only those candidates who are selected for an interview will be contacted.</p>
</div>","https://jobs.scotiabank.com/job/Victoria-ScotiaMcLeod-Wealth-Management-InternshipCo-Op-Summer-2024-Victoria-B_C_-BC/578472417/?feedId=352460&utm_source=Indeed&utm_campaign=TheBankofNovaScotia_Indeed","44c10b4530cf3fd7","false","Internship / Co-op",,,"Victoria, BC","ScotiaMcLeod - Wealth Management Internship/Co-Op - Summer 2024 - Victoria B.C.",,"2024-02-21T21:42:16.246Z","3.9","5734",,"2024-03-01T21:42:16.994Z","CA","Victoria BC","Internship","https://www.indeed.ca/rc/clk?jk=44c10b4530cf3fd7&from=jasx&tk=1hntvf4rrk7rs80e&bb=x_ZdMe9IN1dlbjgr43Q3t9H9ugLk8F8Pt3m_pYOvBy4DDr7c2FL6-DPMPxd62op_Zt59rxSYY2W2fA3olvlEcr1UVQw3MQZNRARmMQNSAuZFO4QLi2z9nQ%3D%3D&xkcb=SoB-67M3E92zRGRTip0AbzkdCdPP&vjs=3"
"WorkLink Employment Society","WorkLink Employment Society is a growing non-profit organization that has provided government-sponsored employment services to the residents of the Victoria Capital Region’s Westshore (Colwood, Langford, Highlands, View Royal and Metchosin) since 1978. In 2008, services expanded to include the communities of Sooke and surrounding areas including Jordan River and Port Renfrew. WorkLink also provides Indigenous outreach services to the First Nations Communities of Beecher Bay, T’Souke and Pacheedaht. The non-profit organization is funded through both federal and provincial government initiatives. WorkLink is a registered charity in the Province of BC, which is governed by a volunteer Board of Directors chosen from leaders in the community.","https://d2q79iu7y748jz.cloudfront.net/s/_squarelogo/128x128/b1bb49b2e056166b02c53fe3b86dac90","https://ca.indeed.com/cmp/Worklink-Employment-Society","3.3","16","https://worklink.bc.ca/","Are you a youth aged 18 - 30 who is ready to kick off your summer with hands-on experience and practical knowledge that matches your passion? If so, WorkLink Employment Society is pleased to announce the following 2024 Summer Employment Opportunities in conjunction with funding through the Government of Canada, Youth Summer Jobs Program:
Marketing Support Specialist 

 35 hours/week |Monday – Friday | 8:30 am – 4:00 pm
 16 weeks
 Westshore Location
 $20.20 per hour

About The Society:
WorkLink has provided government-sponsored employment services to the residents of the Victoria Capital Region’s Westshore (Colwood, Langford, Highlands, View Royal and Metchosin) since 1978. In 2008, our services expanded to include the communities of Sooke and surrounding areas including Jordan River and Port Renfrew. We are also pleased to provide Indigenous outreach services to the First Nations Communities of Beecher Bay, T’Souke and Pacheedaht. Our non-profit organization is funded through both federal and provincial government initiatives. WorkLink is a registered charity in the Province of BC, which is governed by a volunteer Board of Directors chosen from leaders in the community.
About The Position:
The Marketing Support Specialist will play a crucial role in supporting the promotions and communications of the Society’s numerous programs and services, working side by side and being mentored by the Marketing team. The Marketing Support Specialist will assist in the smooth running of events and content creation for different platforms. In addition, The Marketing Team Specialist will provide support in gathering information from the labour market and updating the website design.
Key duties for this position include:

 Support Marketing and Events Specialist to produce branded content for print and media advertising (brochures, posters, etc), and social media distribution.
 Provide support in marketing events – i.e. in-person support at information booths with Events Specialist, promoting events on social media platforms (such as Facebook, Instagram, Twitter, LinkedIn, Eventbrite and in community groups “Langford & Sooke Jobs”) and through paid advertisements.
 Ensure marketing materials are up to date, stocked and organized.
 Support Labour Market Specialist in researching relevant labour market information related to clients and employers.
 Support Marketing Specialist in website design, and monitor page analytics
 Collaborate with HR in special projects on onboarding and training videos

Knowledge, Skills, and Abilities

 Event planning skills and site setup/orientation;
 Graphic design and content creation skills
 Web design skills
 Knowledge of social media marketing and Facebook/Instagram advertising;
 Knowledge of Analytical tools
 Research skills
 Someone creative, positive and passionate
 Organization and time management skills
 Strong verbal and communication skills

Preferred Qualifications:

 Currently pursuing a career in marketing, social media, communications and/or a related field.
 Able to communicate politely and professionally both verbally and in writing
 Able to demonstrate initiative and self-motivation

Eligibility:

 Able to demonstrate initiative and self-motivation.
 All applicants must be between the ages of 15-30 at the beginning of employment.
 Have a valid Social Insurance Number & be legally entitled to work in Canada (be a Canadian citizen or permanent resident).
 The successful candidate must have an outgoing personality and be able to communicate politely and professionally both verbally and in writing.

To Apply for this position:

 Please submit your cover letter and resumé through our online application as a PDF attachment through the link on our careers page at https://worklink.bc.ca/careers/
 This posting will remain in effect until the closing date of 4:00 pm on Mar 31, 2024
 Applications/uploaded resumes sent via social media platforms (e.g., LinkedIn, Facebook) will not be accepted.

We appreciate all applications, however, only those selected for an interview will be contacted.
WorkLink values the diversity of the people it hires and serves. We foster a workplace where individual differences are recognized and respected, while utilizing each person’s talents and strengths.
The more inclusive we are, the better our work will be!
Job Types: Full-time, Seasonal, Internship / Co-opContract length: 16 weeks
Salary: $20.20 per hour
Expected hours: 35 per week
Benefits:

 Casual dress
 Company events

Schedule:

 Monday to Friday

Ability to Commute:

 Victoria, BC V9B 3Y7 (required)

Ability to Relocate:

 Victoria, BC V9B 3Y7: Relocate before starting work (required)

Work Location: In person
Expected start date: 2024-05-02","<p>Are you a youth aged 18 - 30 who is ready to kick off your summer with hands-on experience and practical knowledge that matches your passion? If so, WorkLink Employment Society is pleased to announce the following 2024 Summer Employment Opportunities in conjunction with funding through the Government of Canada, Youth Summer Jobs Program:</p>
<p><b>Marketing Support Specialist </b></p>
<ul>
 <li>35 hours/week |Monday &#x2013; Friday | 8:30 am &#x2013; 4:00 pm</li>
 <li>16 weeks</li>
 <li>Westshore Location</li>
 <li>&#x24;20.20 per hour</li>
</ul>
<p><b>About The Society:</b></p>
<p>WorkLink has provided government-sponsored employment services to the residents of the Victoria Capital Region&#x2019;s Westshore (Colwood, Langford, Highlands, View Royal and Metchosin) since 1978. In 2008, our services expanded to include the communities of Sooke and surrounding areas including Jordan River and Port Renfrew. We are also pleased to provide Indigenous outreach services to the First Nations Communities of Beecher Bay, T&#x2019;Souke and Pacheedaht. Our non-profit organization is funded through both federal and provincial government initiatives. WorkLink is a registered charity in the Province of BC, which is governed by a volunteer Board of Directors chosen from leaders in the community.</p>
<p><b>About The Position:</b></p>
<p>The Marketing Support Specialist will play a crucial role in supporting the promotions and communications of the Society&#x2019;s numerous programs and services, working side by side and being mentored by the Marketing team. The Marketing Support Specialist will assist in the smooth running of events and content creation for different platforms. In addition, The Marketing Team Specialist will provide support in gathering information from the labour market and updating the website design.</p>
<p><b>Key duties for this position include:</b></p>
<ul>
 <li>Support Marketing and Events Specialist to produce branded content for print and media advertising (brochures, posters, etc), and social media distribution.</li>
 <li>Provide support in marketing events &#x2013; i.e. in-person support at information booths with Events Specialist, promoting events on social media platforms (such as Facebook, Instagram, Twitter, LinkedIn, Eventbrite and in community groups &#x201c;Langford &amp; Sooke Jobs&#x201d;) and through paid advertisements.</li>
 <li>Ensure marketing materials are up to date, stocked and organized.</li>
 <li>Support Labour Market Specialist in researching relevant labour market information related to clients and employers.</li>
 <li>Support Marketing Specialist in website design, and monitor page analytics</li>
 <li>Collaborate with HR in special projects on onboarding and training videos</li>
</ul>
<p><b>Knowledge, Skills, and Abilities</b></p>
<ul>
 <li>Event planning skills and site setup/orientation;</li>
 <li>Graphic design and content creation skills</li>
 <li>Web design skills</li>
 <li>Knowledge of social media marketing and Facebook/Instagram advertising;</li>
 <li>Knowledge of Analytical tools</li>
 <li>Research skills</li>
 <li>Someone creative, positive and passionate</li>
 <li>Organization and time management skills</li>
 <li>Strong verbal and communication skills</li>
</ul>
<p><b>Preferred Qualifications:</b></p>
<ul>
 <li>Currently pursuing a career in marketing, social media, communications and/or a related field.</li>
 <li>Able to communicate politely and professionally both verbally and in writing</li>
 <li>Able to demonstrate initiative and self-motivation</li>
</ul>
<p><b>Eligibility:</b></p>
<ul>
 <li>Able to demonstrate initiative and self-motivation.</li>
 <li>All applicants must be between the ages of 15-30 at the beginning of employment.</li>
 <li>Have a valid Social Insurance Number &amp; be legally entitled to work in Canada (be a Canadian citizen or permanent resident).</li>
 <li>The successful candidate must have an outgoing personality and be able to communicate politely and professionally both verbally and in writing.</li>
</ul>
<p><b>To Apply for this position:</b></p>
<ul>
 <li>Please submit your cover letter and resum&#xe9; through our online application as a <b>PDF attachment</b> through the link on our careers page at https://worklink.bc.ca/careers/</li>
 <li>This posting will remain in effect until the closing date of <b>4:00 pm on Mar 31, 2024</b></li>
 <li><b>Applications/uploaded resumes sent via social media platforms (e.g., LinkedIn, Facebook) will not be accepted.</b></li>
</ul>
<p>We appreciate all applications, however, only those selected for an interview will be contacted.</p>
<p><i>WorkLink values the diversity of the people it hires and serves. We foster a workplace where individual differences are recognized and respected, while utilizing each person&#x2019;s talents and strengths.</i></p>
<p><i>The more inclusive we are, the better our work will be!</i></p>
<p>Job Types: Full-time, Seasonal, Internship / Co-op<br>Contract length: 16 weeks</p>
<p>Salary: &#x24;20.20 per hour</p>
<p>Expected hours: 35 per week</p>
<p>Benefits:</p>
<ul>
 <li>Casual dress</li>
 <li>Company events</li>
</ul>
<p>Schedule:</p>
<ul>
 <li>Monday to Friday</li>
</ul>
<p>Ability to Commute:</p>
<ul>
 <li>Victoria, BC V9B 3Y7 (required)</li>
</ul>
<p>Ability to Relocate:</p>
<ul>
 <li>Victoria, BC V9B 3Y7: Relocate before starting work (required)</li>
</ul>
<p>Work Location: In person</p>
<p>Expected start date: 2024-05-02</p>",,"66065e2de7cd58f8","false","Seasonal","Full-time","Internship / Co-op","3179 Jacklin Rd, Victoria, BC","Marketing Support Specialist",,"2024-02-17T21:42:32.937Z","3.3","16","$20.20 an hour","2024-03-01T21:42:32.940Z","CA","Victoria BC","Internship","https://www.indeed.ca/pagead/clk?mo=r&ad=-6NYlbfkN0CiJztjCnHc2ZM4w4yCta4Gy-wlbMkeY3DiUsqNYdiE99KQPB9gdUwTu46Cw8gsWQ3OYuLJK_5WyQWkcULVFD0K9yDJxwNkdiukTxZSWa_FOleSMMhUKzUVlqkq24ee9AclyEqUZumQw61ZCHTKW4dCD1IasLULZlvYVdFNiMmvotMx8_cppYfKosFAb4XR__GbXECVeHKUlWZp4cKlqyA00drvrE7-ISHElJmxZWuMH65We9aRyfxoYyAnhWFvcIck9plwC3lGjqKM7PcJLynnVHB2Z-4QnX7faw3QBv0ywL8K1FA2DOxARtYmbPzyAfWniZ1BIHUfEaxdAwDx0lkFO2b3rjeYHllLvX1Eq6IpXUZKJCKV3QFt7xn9_stm0c2xgHd9GW39UOuE0npY29Iyo9fORCEYOooGHlWA7XwqdIdPLnTsLrw0ocmm1Pm4TcVKhlEUBP2JEVcYJ506nFHAnSDPW94yG2ziCX7i9gSZPbsCHcPPFoWXhb11WQbukWnpC3SbwTe01A63EW9g2t5t1MEFLD6TA9CzmDH4cwRFzErQaJF1DpyARhbBq3foKyg%3D&xkcb=SoD-6_M3E92zRGRTip0MbzkdCdPP&camk=4HOcmqOLYrC-rWWlWciA_w%3D%3D&p=5&fvj=1&vjs=3&jsa=2891&tk=1hntvf4rrk7rs80e&from=jasx&wvign=1"
"Introba","Introba is one of the world’s largest building engineering and consulting firms with more than 1,000 employees in offices across the United States, Canada, the United Kingdom, Serbia, and Australia. Committed to reshaping the world, our problem solvers combine cutting-edge digital solutions with emerging innovations and industry-leading sustainability strategies to transform the built environment. We collaborate with our clients to create living systems that are smart, secure, resilient, and connected – spaces that uplift communities, protect the health of the planet, and adapt to meet the demands of the future.","https://d2q79iu7y748jz.cloudfront.net/s/_squarelogo/128x128/e257b2b06035794f44f6974004134354","https://ca.indeed.com/cmp/Introba",,,"http://www.introba.com","WHERE PASSION + PURPOSE ALIGN
  
 
 
 
  
    We are the curious. Problem solvers. Driven to unlock the potential in every system. Across five countries are 1,100 engineers, designers, and consultants collaborating to elevate the human experience, create more resilient communities, and protect the health of the planet. We transform the built environment by creating dynamic solutions — living systems — that are smart, resilient, and connected.
  
  
  
    At Introba, this is why we show up every day. To use our curiosity for good. To inspire change. To empower changemakers
  
  
  
    Introba provides world-class building engineering design, analytic, and consulting services at all scales, specializing in net-zero first thinking. Through the cultivation of thought leadership, we deliver sustainable and forward-thinking solutions to the most complex design challenges facing the world’s leading clients and partners.
  
 
 
 
   Job Summary
 
  Introba is seeking a mechanical engineering intern to join our team in Victoria, BC for 8-12 Months. This opportunity will start in May of 2024
 
 
   Responsibilities & Qualifications
 
 
 
   DUTIES AND RESPONSIBILITIES:
 
 
   Assist in setting up AutoCAD/Revit drawing files including digitizing and cleaning up working drawings
   Assist with HVAC, Fire Protection and Plumbing drafting as per mark-ups and instruction provided by Team Leader/design staff
   Ensure Introba design checklist (drawing standards section) is being followed
   Ensure Introba’s AutoCAD/Revit Standards are being followed
   Maintain AutoCAD/Revit files
   Follow direct instruction from design staff to co-ordinate mechanical requirements with other mechanical services
   Detailed check of work prior to returning finished product to Designer
 
 
 
   Qualifications:
 
 
   Familiar with AutoCAD
   Familiar with Revit is an asset
   Ability to think mechanically and/or mechanically inclined
   Strong verbal and written communication skills
   Ability to multi-task and be a team player
   Ability to understand and execute direct instruction in order to provide support to all levels of designers
   In progress of University degree with knowledge and a passion for mechanical building systems and sustainable design
 
 
 
   Additional Information
 
 
 
   Introba is committed to pay equity. As part of that commitment, we have provided the base compensation range of $20 - $30 annually for this position and local market. We recognize that each candidate brings a unique set of skills, experience, education and competencies to the table that will be reflected in our offer. Introba is proud to offer exciting career development opportunities.
 
 
 
   Introba offers a comprehensive total rewards package. Our benefits may include medical*, disability* and life insurance coverage*, continuing education benefits, paid time off, employee assistance program and a retirement savings plan with company matching contributions. *Benefits will vary by country location and may only be available in US or Canada.
 
 
 
   We encourage all candidates to explore our total rewards offering.
 
 
 
   Introba is an equal opportunity employer, and we prohibit discrimination and harassment of any type as protected by federal, provincial, state or local laws. We celebrate diversity and are committed to creating an inclusive environment for all employees. The company and its employees are required to comply with all local health authority, legal or lawful client requirements.","<div>
 <div>
  <div>
   WHERE PASSION + PURPOSE ALIGN
  </div>
 </div>
 <div></div>
 <div>
  <div>
    We are the curious. Problem solvers. Driven to unlock the potential in every system. Across five countries are 1,100 engineers, designers, and consultants collaborating to elevate the human experience, create more resilient communities, and protect the health of the planet. We transform the built environment by creating dynamic solutions &#x2014; living systems &#x2014; that are smart, resilient, and connected.
  </div>
  <div></div>
  <div>
    At Introba, this is why we show up every day. To use our curiosity for good. To inspire change. To empower changemakers
  </div>
  <div></div>
  <div>
    Introba provides world-class building engineering design, analytic, and consulting services at all scales, specializing in net-zero first thinking. Through the cultivation of thought leadership, we deliver sustainable and forward-thinking solutions to the most complex design challenges facing the world&#x2019;s leading clients and partners.
  </div>
 </div>
 <div></div>
 <div>
   Job Summary
 </div>
 <div></div> Introba is seeking a mechanical engineering intern to join our team in Victoria, BC for 8-12 Months. This opportunity will start in May of 2024
 <div></div>
 <div>
   Responsibilities &amp; Qualifications
 </div>
 <div></div>
 <div>
   DUTIES AND RESPONSIBILITIES:
 </div>
 <ul>
  <li> Assist in setting up AutoCAD/Revit drawing files including digitizing and cleaning up working drawings</li>
  <li> Assist with HVAC, Fire Protection and Plumbing drafting as per mark-ups and instruction provided by Team Leader/design staff</li>
  <li> Ensure Introba design checklist (drawing standards section) is being followed</li>
  <li> Ensure Introba&#x2019;s AutoCAD/Revit Standards are being followed</li>
  <li> Maintain AutoCAD/Revit files</li>
  <li> Follow direct instruction from design staff to co-ordinate mechanical requirements with other mechanical services</li>
  <li> Detailed check of work prior to returning finished product to Designer</li>
 </ul>
 <div></div>
 <div>
   Qualifications:
 </div>
 <ul>
  <li> Familiar with AutoCAD</li>
  <li> Familiar with Revit is an asset</li>
  <li> Ability to think mechanically and/or mechanically inclined</li>
  <li> Strong verbal and written communication skills</li>
  <li> Ability to multi-task and be a team player</li>
  <li> Ability to understand and execute direct instruction in order to provide support to all levels of designers</li>
  <li> In progress of University degree with knowledge and a passion for mechanical building systems and sustainable design</li>
 </ul>
 <div></div>
 <div>
  <br> Additional Information
 </div>
 <div></div>
 <div>
   Introba is committed to pay equity. As part of that commitment, we have provided the base compensation range of &#x24;20 - &#x24;30 annually for this position and local market. We recognize that each candidate brings a unique set of skills, experience, education and competencies to the table that will be reflected in our offer. Introba is proud to offer exciting career development opportunities.
 </div>
 <div></div>
 <div>
   Introba offers a comprehensive total rewards package. Our benefits may include medical*, disability* and life insurance coverage*, continuing education benefits, paid time off, employee assistance program and a retirement savings plan with company matching contributions. *Benefits will vary by country location and may only be available in US or Canada.
 </div>
 <div></div>
 <div>
   We encourage all candidates to explore our total rewards offering.
 </div>
 <div></div>
 <div>
   Introba is an equal opportunity employer, and we prohibit discrimination and harassment of any type as protected by federal, provincial, state or local laws. We celebrate diversity and are committed to creating an inclusive environment for all employees. The company and its employees are required to comply with all local health authority, legal or lawful client requirements.
 </div>
</div>
<div></div>","https://gi.wd1.myworkdayjobs.com/en-US/Global_Infrastructure/job/CA--BC--Victoria---1515-Douglas-Street/Intern---Mechanical-Engineering_1382","3bbc427b83e83551","false","Full-time",,,"1515 Douglas St, Victoria, BC","Intern - Mechanical Engineering",,"2024-02-22T21:42:28.171Z",,,,"2024-03-01T21:42:28.174Z","CA","Victoria BC","Internship","https://www.indeed.ca/rc/clk?jk=3bbc427b83e83551&from=jasx&tk=1hntvf4rrk7rs80e&bb=x_ZdMe9IN1dlbjgr43Q3t_tLhVoRkdkmFFdEhxNhwsD5FqszdCqXNTNnBZy8Uz2aIbq0YkItRcFwwKnRA0sGnITWJR5SGgmYyREpD4ouQEWVzahmEdTd9w%3D%3D&xkcb=SoDZ67M3E92zRGRTip0FbzkdCdPP&vjs=3"
"Town of View Royal",,,"https://ca.indeed.com/cmp/Town-of-View-Royal","5","1",,"Town of View Royal 
 Engineering Intern
  
  1 Seasonal Full-Time Position $24.67/hr plus 10% in lieu of benefits 16-week term (negotiable): May 6 to August 30, 2024 Monday – Friday, 8:30AM - 4:30PM  The Town of View Royal is a growing residential community in the Greater Victoria area with a population of approximately 12,000. Our waterfront community has scenic views of Esquimalt Harbour and Portage Inlet, as well as excellent parks and trails, including the Galloping Goose Regional Trail and Thetis Lake Regional Park. Ten minutes from downtown Victoria, View Royal’s central location also provides good highway access to the Western Communities and to the Saanich Peninsula, including BC Ferries and the Victoria International Airport.  Reporting to the Director of Engineering, under the close supervision of the Deputy Director of Engineering, the Engineering Intern collects field data inventory using GPS, monitors and completes condition assessments for maintenance of Town infrastructure, assists with field or office projects and Engineering investigations, scans and files Engineering drawings and documents, and works with the Engineering Technologist to integrate GPS information into the existing GIS platform.  The ideal candidate for this position will be highly motivated with experience with ArcGIS; mapping grade GPS would also be beneficial.  In addition, the following qualifications are required: 
 
  Current enrollment in a Civil Engineering program at a recognized post-secondary institution; 
  Valid Class 5 BC Driver’s License.
 
  A detailed job description is available at www.viewroyal.ca.  Applicants should submit a detailed resume, including cover letter and references, which reflects their knowledge, skills and abilities relevant to the position, no later than 4:30pm, Monday, March 11, 2024 to:  Human Resources Competition #2024-02 Attn: Mr. Ivan Leung, Director of Engineering Town of View Royal 45 View Royal Avenue Victoria, BC V9B 1A6 Fax: 250-727-9551 Email: hr@viewroyal.ca  Please note that only those applicants selected for an interview will be contacted.
 
 Education : College/CEGEP 
 Experience : Experience an asset","<p></p>
<div>
 <h2 class=""jobSectionHeader""><b>Town of View Royal</b></h2> 
 <h2 class=""jobSectionHeader""><b>Engineering Intern</b></h2>
 <br> 
 <p><br> 1 Seasonal Full-Time Position<br> &#x24;24.67/hr plus 10% in lieu of benefits<br> 16-week term (negotiable): May 6 to August 30, 2024 Monday &#x2013; Friday, 8:30AM - 4:30PM<br> <br> The Town of View Royal is a growing residential community in the Greater Victoria area with a population of approximately 12,000. Our waterfront community has scenic views of Esquimalt Harbour and Portage Inlet, as well as excellent parks and trails, including the Galloping Goose Regional Trail and Thetis Lake Regional Park. Ten minutes from downtown Victoria, View Royal&#x2019;s central location also provides good highway access to the Western Communities and to the Saanich Peninsula, including BC Ferries and the Victoria International Airport.<br> <br> Reporting to the Director of Engineering, under the close supervision of the Deputy Director of Engineering, the Engineering Intern collects field data inventory using GPS, monitors and completes condition assessments for maintenance of Town infrastructure, assists with field or office projects and Engineering investigations, scans and files Engineering drawings and documents, and works with the Engineering Technologist to integrate GPS information into the existing GIS platform.<br> <br> The ideal candidate for this position will be highly motivated with experience with ArcGIS; mapping grade GPS would also be beneficial.<br> <br> In addition, the following qualifications are required:</p> 
 <ul>
  <li>Current enrollment in a Civil Engineering program at a recognized post-secondary institution;</li> 
  <li>Valid Class 5 BC Driver&#x2019;s License.</li>
 </ul>
 <p><br> A detailed job description is available at <b>www.viewroyal.ca</b>.<br> <br> Applicants should submit a detailed resume, including cover letter and references, which reflects their knowledge, skills and abilities relevant to the position, no later than <b>4:30pm, Monday, March 11, 2024 </b>to:<br> <br> Human Resources<br> Competition #2024-02<br> Attn: Mr. Ivan Leung, Director of Engineering<br> Town of View Royal<br> 45 View Royal Avenue<br> Victoria, BC V9B 1A6<br> Fax: 250-727-9551<br> Email:<b> </b><b>hr@viewroyal.ca</b><br> <br> Please note that only those applicants selected for an interview will be contacted.</p>
</div> 
<br> Education : College/CEGEP 
<br> Experience : Experience an asset","https://www.civicjobs.ca/jobs?id=91958&linktype=ind","97369159f9e1d7c7","false","Seasonal","Full-time",,"View Royal, BC","Engineering Intern",,"2024-02-23T21:42:32.656Z",,,"$24.67 an hour","2024-03-01T21:42:32.659Z","CA","Victoria BC","Internship","https://www.indeed.ca/rc/clk?jk=97369159f9e1d7c7&from=jasx&tk=1hntvf4rrk7rs80e&bb=x_ZdMe9IN1dlbjgr43Q3tyO75rcn47NTEQxneOjDyPFo6U2skAQRgEAl0liOH0uZ8HhM1jSzAI8Cq0nGzCgkA9kyhfjjXlZe0DeThase32k3X2kYFAlEow%3D%3D&xkcb=SoBE67M3E92zRGRTip0GbzkdCdPP&vjs=3"
"BC Pension Corporation","BC Pension Corporation is one of the largest pension plan administrative agents in Canada.","https://d2q79iu7y748jz.cloudfront.net/s/_squarelogo/128x128/4ab9cd83e0d7a0919f714f4c8fb02acf","https://ca.indeed.com/cmp/Bc-Pension-Corporation","3.6","18","https://www.pensionsbc.ca","Financial Analyst Co-op
  Open to students registered in a recognized co-op program only
  (Within the Greater Victoria area)
  BC Pension Corporation, Victoria BC
 
   Duration: May 2024 to August 2024 (4 months with opportunity to be extended for an additional 4-month term upon mutual agreement)
   Location: Victoria (our office is situated on the Selkirk Waterfront on the Gorge Inlet. Enjoy stunning views of downtown Victoria and the Olympic mountains and take advantage of the nearby Galloping Goose Regional Trail for walking and biking).
   Salary: $1,819.12 bi-weekly (for students working towards a diploma or bachelor's degree) or $2,136.88 (for students working towards a post-graduate degree) 
  Grant: As part of our inVESTED scholarship program, you may be eligible for reimbursement up to a maximum of $1,000 per four-month work term to cover the cost of co-op work term tuition fees.
   Hybrid Work Model: Employees are supported to work part of their time from home and part of their time on campus to encourage flexibility, performance and connection.
   Skills for Success Program: Engage with other co-op students in a monthly virtual event designed to build connection and community while developing skills to support your success.
   LinkedIn Learning: During your time working here, you will have 24/7 unlimited access to over 16,000 online courses to help support your personal, educational, and professional goals.
   Team: The Corporate Planning and Analysis branch is responsible for preparing a variety of financial reports and statements for management. The team prepares budgets, variance analysis and financial forecasts at a detailed level; allocates the corporate costs to the plans and develops estimations and explanations of future allocations; and provides procurement advice and services.
 
  The Job Responsibilities
  This role will support the provision of financial analysis services in the preparation of corporate budgets, forecasts, and financial reporting. You will also assist in the documentation of financial procedures, processes, and account structure.
  The successful candidate may:
 
   Participate in the development and maintenance of documentation for procedures and related support e.g., training materials, knowledge base, etc. 
  Assist in the preparation of financial management reports and spreadsheets to track and monitor corporation expenditures, ensure accuracy and completeness of information.
   Assist in the preparation of the financial statements and supporting benchmarking exercises and cost allocation. 
  Recommend and implement procedures to improve efficiency and enhance controls.
   Help assist with ad-hoc financial reports and projects.
 
  Learning Outcomes
  The successful candidate can expect to gain experience in the following areas:
 
   Experience in developing reports in financial management systems and processes to analyze unstructured information collected through a variety of platforms
   Experience in assessing value and accuracy of information, defining relationships, differences and anomalies in information sources
   Experience in problem definition and analysis
   Learn how to build and maintain working relationships and increase your communication skills
   Experience in planning, organization, and prioritization skills
   Exposure to collaboration and project tool sets like MS Teams, Share point, Confluence & Jira
   Exposure to SQL/Oracle Databases
 
  Requirements
  This opportunity is available to students who have completed their second year of a Bachelor of Business Administration degree (Accounting Major preferred) or Bachelor of Commerce.
  As a prospective team member of BC Pension Corporation, the successful co-op student will have:
 
   Ability to perform basic to intermediate Microsoft Office suite (Word, Excel, etc.) and e-mail.
   An aptitude for and ability to perform calculations and documentation.
   Ability to apply accuracy, consistency, and attention to detail.
   Ability to maintain courtesy, professionalism and confidentiality.
   An eagerness to learn and solve and manage problems
 
  As part of your application, please upload the following documents (note: your application may not be viewed if you do not include all 3 required documents as per below):
 
   Cover letter
   Resume
   Transcripts (unofficial transcripts are accepted)
 
  Click here to apply now
  Diversity & Inclusion
  BC Pension Corporation is an equal opportunity employer committed to establishing an inclusive, equitable, and accessible environment for all. All qualified applicants will receive consideration for employment without regard to race, national origin, age, religion, disability, sexual orientation, gender identity or expression, marital status or any other basis protected by applicable law.
  We are committed to ensuring that reasonable accommodation is made available to persons with disabilities during the recruitment, assessment and selection processes and will provide reasonable accommodation upon request. If you require assistance or accommodation due to a disability, please email us at co-op@pensionsbc.ca. 
 Thank you for your interest in working with us. We will let you know about your status in this competition as soon as possible. If you have questions about this opportunity, please email us at co-op@pensionsbc.ca.","<div>
 <h1 class=""jobSectionHeader""><b>Financial Analyst Co-op</b></h1>
 <p> Open to students registered in a recognized co-op program only</p>
 <p> (Within the Greater Victoria area)</p>
 <h3 class=""jobSectionHeader""><b><br> BC Pension Corporation, Victoria BC</b></h3>
 <ul>
  <li><b> Duration:</b> May 2024 to August 2024 (4 months with opportunity to be extended for an additional 4-month term upon mutual agreement)</li>
  <li><b> Location: </b>Victoria (our office is situated on the Selkirk Waterfront on the Gorge Inlet. Enjoy stunning views of downtown Victoria and the Olympic mountains and take advantage of the nearby Galloping Goose Regional Trail for walking and biking).</li>
  <li><b> Salary:</b> &#x24;1,819.12 bi-weekly (for students working towards a diploma or bachelor&apos;s degree) or &#x24;2,136.88 (for students working towards a post-graduate degree) </li>
  <li><b>Grant: </b>As part of our inVESTED scholarship program, you may be eligible for reimbursement up to a maximum of &#x24;1,000 per four-month work term to cover the cost of co-op work term tuition fees.</li>
  <li><b> Hybrid Work Model:</b> Employees are supported to work part of their time from home and part of their time on campus to encourage flexibility, performance and connection.</li>
  <li><b> Skills for Success Program:</b> Engage with other co-op students in a monthly virtual event designed to build connection and community while developing skills to support your success.</li>
  <li><b> LinkedIn Learning:</b> During your time working here, you will have 24/7 unlimited access to over 16,000 online courses to help support your personal, educational, and professional goals.</li>
  <li><b> Team:</b> The Corporate Planning and Analysis branch is responsible for preparing a variety of financial reports and statements for management. The team prepares budgets, variance analysis and financial forecasts at a detailed level; allocates the corporate costs to the plans and develops estimations and explanations of future allocations; and provides procurement advice and services.</li>
 </ul>
 <h2 class=""jobSectionHeader""><b> The Job Responsibilities</b></h2>
 <p> This role will support the provision of financial analysis services in the preparation of corporate budgets, forecasts, and financial reporting. You will also assist in the documentation of financial procedures, processes, and account structure.</p>
 <p> The successful candidate may:</p>
 <ul>
  <li> Participate in the development and maintenance of documentation for procedures and related support e.g., training materials, knowledge base, etc. </li>
  <li>Assist in the preparation of financial management reports and spreadsheets to track and monitor corporation expenditures, ensure accuracy and completeness of information.</li>
  <li> Assist in the preparation of the financial statements and supporting benchmarking exercises and cost allocation. </li>
  <li>Recommend and implement procedures to improve efficiency and enhance controls.</li>
  <li> Help assist with ad-hoc financial reports and projects.</li>
 </ul>
 <h2 class=""jobSectionHeader""><b> Learning Outcomes</b></h2>
 <p> The successful candidate can expect to gain experience in the following areas:</p>
 <ul>
  <li> Experience in developing reports in financial management systems and processes to analyze unstructured information collected through a variety of platforms</li>
  <li> Experience in assessing value and accuracy of information, defining relationships, differences and anomalies in information sources</li>
  <li> Experience in problem definition and analysis</li>
  <li> Learn how to build and maintain working relationships and increase your communication skills</li>
  <li> Experience in planning, organization, and prioritization skills</li>
  <li> Exposure to collaboration and project tool sets like MS Teams, Share point, Confluence &amp; Jira</li>
  <li> Exposure to SQL/Oracle Databases</li>
 </ul>
 <h2 class=""jobSectionHeader""><b> Requirements</b></h2>
 <p> This opportunity is available to students who have completed their second year of a Bachelor of Business Administration degree (Accounting Major preferred) or Bachelor of Commerce.</p>
 <p> As a prospective team member of BC Pension Corporation, the successful co-op student will have:</p>
 <ul>
  <li> Ability to perform basic to intermediate Microsoft Office suite (Word, Excel, etc.) and e-mail.</li>
  <li> An aptitude for and ability to perform calculations and documentation.</li>
  <li> Ability to apply accuracy, consistency, and attention to detail.</li>
  <li> Ability to maintain courtesy, professionalism and confidentiality.</li>
  <li> An eagerness to learn and solve and manage problems</li>
 </ul>
 <p><b> As part of your application, please upload the following documents (note: your application may not be viewed if you do not include all 3 required documents as per below):</b></p>
 <ul>
  <li> Cover letter</li>
  <li> Resume</li>
  <li> Transcripts (unofficial transcripts are accepted)</li>
 </ul>
 <p><b> Click here to apply now</b></p>
 <h2 class=""jobSectionHeader""><b> Diversity &amp; Inclusion</b></h2>
 <p> BC Pension Corporation is an equal opportunity employer committed to establishing an inclusive, equitable, and accessible environment for all. All qualified applicants will receive consideration for employment without regard to race, national origin, age, religion, disability, sexual orientation, gender identity or expression, marital status or any other basis protected by applicable law.</p>
 <p> We are committed to ensuring that reasonable accommodation is made available to persons with disabilities during the recruitment, assessment and selection processes and will provide reasonable accommodation upon request. If you require assistance or accommodation due to a disability, please email us at co-op@pensionsbc.ca. </p>
 <p>Thank you for your interest in working with us. We will let you know about your status in this competition as soon as possible. If you have questions about this opportunity, please email us at co-op@pensionsbc.ca.</p>
</div>","https://bcpensioncorp.prevueaps.ca/jobs/23236-8610.html","6bf49ab47281da8f","false","Full-time",,,"2995 Jutland Rd, Victoria, BC","Financial Analyst Co-op",,"2024-02-22T21:42:33.159Z","3.6","18","$3,638.24 a month","2024-03-01T21:42:33.161Z","CA","Victoria BC","Internship","https://www.indeed.ca/rc/clk?jk=6bf49ab47281da8f&from=jasx&tk=1hntvf4rrk7rs80e&bb=x_ZdMe9IN1dlbjgr43Q3t_tLhVoRkdkmrmbUlp-7Ru1jZA5IbL9cLCltczgoNLBR31nsRmQhTfcHPyOI1z85KLRKJD5aiGLUPb6jC_oiYdc-EDF4MFbMRA%3D%3D&xkcb=SoDw67M3E92zRGRTip0HbzkdCdPP&vjs=3"
"Coastal Research, Education, and Advocacy Network (CREAN)","Coastal Research, Education, and Advocacy Network empowers vulnerable youth through research, education, and advocacy. Our community-based research informs our services, with the intention of deepening connections and improving the lives of youth, families, and their communities. We work closely with residents and community leaders to advocate, both locally and nationally, on behalf of youth to make our city a better place to live.
",,"https://ca.indeed.com/cmp/Coastal-Research,-Education,-and-Advocacy-Network-(crean)",,,,"Location: 722 Cormorant St, Victoria, BC (must live in BC)
Dockhands provide a five-hour weekly commitment over a three or six month period. In exchange, you will be gaining 24/7 access to a dynamic downtown coworking space and a community of cutting edge social impact professionals! Further you will be able to access 30+ local business discounts, build your resume, take advantage of mentorship offerings, achieve a professional certification, and enjoy exclusive opportunities.
Dockhands are compensated for their valuable time by receiving a free membership and 24/7 coworking package, including 4 credits toward meeting space included per month, in addition to the other benefits mentioned!
This Dockhand team is composed of career professionals, post-secondary students and recent graduates, entrepreneurs, community members, retirees, and more! If you are interested then there is a place for you in the Dockhand team.
Job Types: Part-time, Internship / Co-opContract length: 4 months
Expected hours: 5 per week
Benefits:

 Flexible schedule

Flexible Language Requirement:

 French not required

Schedule:

 Monday to Friday
 No weekends

Application question(s):

 Do you currently live in BC?
 Please confirm that you understand that this is an unpaid volunteer position.
 Do you have any marketing experience (not required)?
 Can you commit to at least 5 hours per week for an in-person shift?

Work Location: Hybrid remote in Victoria, BC
Application deadline: 2024-01-22","<p>Location: 722 Cormorant St, Victoria, BC (must live in BC)</p>
<p>Dockhands provide a five-hour weekly commitment over a three or six month period. In exchange, you will be gaining 24/7 access to a dynamic downtown coworking space and a community of cutting edge social impact professionals! Further you will be able to access 30+ local business discounts, build your resume, take advantage of mentorship offerings, achieve a professional certification, and enjoy exclusive opportunities.</p>
<p>Dockhands are compensated for their valuable time by receiving a free membership and 24/7 coworking package, including 4 credits toward meeting space included per month, in addition to the other benefits mentioned!</p>
<p>This Dockhand team is composed of career professionals, post-secondary students and recent graduates, entrepreneurs, community members, retirees, and more! If you are interested then there is a place for you in the Dockhand team.</p>
<p>Job Types: Part-time, Internship / Co-op<br>Contract length: 4 months</p>
<p>Expected hours: 5 per week</p>
<p>Benefits:</p>
<ul>
 <li>Flexible schedule</li>
</ul>
<p>Flexible Language Requirement:</p>
<ul>
 <li>French not required</li>
</ul>
<p>Schedule:</p>
<ul>
 <li>Monday to Friday</li>
 <li>No weekends</li>
</ul>
<p>Application question(s):</p>
<ul>
 <li>Do you currently live in BC?</li>
 <li>Please confirm that you understand that this is an unpaid volunteer position.</li>
 <li>Do you have any marketing experience (not required)?</li>
 <li>Can you commit to at least 5 hours per week for an in-person shift?</li>
</ul>
<p>Work Location: Hybrid remote in Victoria, BC</p>
<p>Application deadline: 2024-01-22</p>",,"566d2e11c94b45ea","false","Part-time","Internship / Co-op",,"2722 Fifth Street, Victoria, BC","Volunteer at a Social Enterprise Organization","2 days ago","2024-02-28T21:42:50.066Z",,,,"2024-03-01T21:42:50.069Z","CA","Victoria BC","Internship","https://www.indeed.ca/rc/clk?jk=566d2e11c94b45ea&from=jasx&tk=1hntvf4rrk7rs80e&bb=x_ZdMe9IN1dlbjgr43Q3t6LxtB1L2h_U4hmoZv9XsVuXIHwNqofUzspHegaGsQoSVsUiFyqpO3WK1Kc-13zlYwXEOyuLhtxHxSlIOTeKM_8M5NdBaXAsrw%3D%3D&xkcb=SoCX67M3E92zRGRTip0PbzkdCdPP&vjs=3"
